0,steak frites,plat typique composé d'un steak grillé avec des frites,"viande de boeuf:200g,pomme de terre:3","peler et couper les patates,faire frire les frites,assaisonner la viande,griller la viande,saler les frites,servir chaud sur une assiette",20,false
1,sauce tomates,Une sauce italienne typique qui vous transportera en Sicile,"basilic frais:1 poignée,branches de céleri:1 poignée,tomates coeur de boeuf:2,tomates concassées:2 boites,","",,
2,tiramisù,Le fameux dessert qui ravit tous les coeurs,"mascarpone:250g,oeufs:2,sucre:3 cs,café: 2 tasses,pellerines:1 paquet,cacao en poudre:20 g","mélanger les jaunes d'oeufs et 2 cuillères à soupe de sucredans un saladier,ajouter le mascarpone,battre les blanc en neige,ajouter 1 cuillère à soupe de sucre,ajouter au mascarpone,mouiller les pellerines dans le café et les disposer sur le fond d'un plat à grâtin,verser une couche de préparation,répéter pour un 2ème étage,recouvrir de cacao en poudre,laisser 1 nuit au frigo",45,false
3,ribs à l'américaine,Rien de tel qu'un bon plat de ribs un dimanche devant le football,"ribs:1 train,sauce barbecue:4 cuillères à soupe,sucre de canne:4 cuillères à soupe","recouvrir les ribs de sauce barbecue puis de sucre,laisser 1 nuit au frigo,cuire au four à 100° pendant 4 heures",260,false
4,gâteau aux pommes,"Une part, un café et un film, la soirée d'hiver parfaite","pâte feuilletée:1,pommes gala:4,sucre:40g,farine:20g,cannelle:1 cs,beurre:30g","préchauffer le four à 220°,étaler la pâte et la disposer dans le plat,la piquer avec une cuillère,couper les pommes en 8,mettre un fond de farine sur la pâte,dispoer les pommes,saupoudrer avec le sucre, la farine restante et un peu de cannelle,mettre des morceaux de beurre sur tout le gâteau,mettre au four 35 minutes",35,false
5,crêpes,Un classique,"farine:200g,oeufs:2,lait:1dl","Mélanger tous les ingrédients dans un saladieravec un fouet électrique,Faire fondre une noisette de beurre dans une poêle,Cuire crêpe après crêpe",20,false
6,thé vert froid,Toujours rafraîchissant,"thé vert:1 dose,feuilles de menthe:5,sucre:1 cc","Mettre le thé dans un infuser et le placer dans une carafe d'eau,Ajouter les feuilles de menthe,Laisser infuser 1h30,ajouter le sucre et mélanger,Servir froid",90,false
7,Banana Cake,Descripton g�n�rique,"shortening:2-Jan cup,sugar:1 1/2 cups,:2 eggs,:pinch salt,sour milk:2-Jan cup,soda water:1 tsp,flour:1 3/4 cups,baking powder:1 1/2 tsp,chopped nuts:2-Jan cup","Bake in three layer pans at 350 degrees.",40,true
8,Chocolate Cake,Descripton g�n�rique,"margarine:2-Jan cup,sugar:2 cups,eggs:2 ,cocoa:5 tbsp,salt:2-Jan tsp,sour milk:2-Jan cup,baking soda:2 tsp,flour:2 cups,cloves:2-Jan tsp","Mix all ingredients together.  Pour in 1 cup boiling water.  Mix well.  Bake about 35 minutes at 375 degrees.",60,true
9,Chocolate Mayonaise Cake,Descripton g�n�rique,"flour:3 cups,sugar:1 1/2 cups,cocoa:3-Jan cup,baking powder:2 1/4 tsp,baking soda:1 1/2 tsp,Best Foods Mayonnaise:1 1/2 cups,water:1 1/2 cups,vanilla:1 1/2 tsp","Makes  2 layer cake.",45,true
10,Crazy Cake,Descripton g�n�rique,"lemon cake mix:1 box,water:4-Mar cup,lemon jello:1 small pkg,vegetable oil:4-Mar cup,eggs:4 ,powdered sugar:2 cups,lemon juice:2-Jan cups","Mix first 5 ingredients well, about 4 minutes.  Bake at 350 degrees in a 9x13 pan for 35 minutes. Poke holes in warm cake and pour on mixture of powdered sugar and lemon juice.",45,true
11,Fresh Apple Cake,Descripton g�n�rique,"diced apples:4 cups,sugar:2 cups,chopped nuts:1 cups,eggs, well beaten:2 ,vanilla:2 tsp,flour:2 cups,baking powder:2 tsp,cinnamon:2 tsp,vegetable oil:2-Jan cups,salt:1 tsp","Mix apples and sugar well.  Add oil, nuts, and eggs.  Add vanilla and dry ingredients.  Bake at 350 degrees for 40-45 minutes.  Serve with whipped cream or top with cream cheese frosting.",60,true
12,Fresh Pear Cake,Descripton g�n�rique,"butter:2 tbps,flour:1 1/2 cups,pears:3 ,eggs:2 ,sugar:1 cup,milk:2-Jan cup,saltpowdered sugar:8-Jan tsp","Butter and flour a 9 inch round pan.  Peel and slice pears.  Blend eggs, sugar, milk, and salt.  Add flour, mix well.  Fold 1/2 of pears into batter.  Pour into pan, fan remaining pears on top.  Dot with butter.  Bake at 350 degrees about 55 minutes.  Sprinkle with powdered sugar.",90,true
13,Graham Cracker Cake,Descripton g�n�rique,"butter:2-Jan cup,sugar:1 cup,sour milk:1 cup,graham crackers, crushed:32 ,baking soda:1 tsp,chopped nuts:1 cup","Cream butter and sugar.  Add crushed crackers, sour milk, and soda.  Stir in nuts.  Bake in 10 inch square baking pan.  Bake in 350 degree oven for 30-35 minutes.  Serve with whipped cream or thin powdered sugar icing.",45,true
14,Hot Water Chocolate Cake,Descripton g�n�rique,"margarine:2-Jan cup,sugar:2 cups,eggs:2 ,cocoa:5 tbsp,salt:2-Jan tsp,sour milk:2-Jan cup,baking soda:2 tsp,flour:2 cup,cloves:2-Jan tsp","Mix all ingredients together.  Pour in 1 cup boiling water. Mix well.  Bake about 35 minutes at 375 degrees.""",35,true
15,Hungry Bear Cheese Cake,Descripton g�n�rique,"wheat germ optional:4-Jan cup,graham cracker crumbs:1 3/4 cup,sugar:3 tbsp,cinnamon:1 tsp,melted butter:3-Jan cup,sour cream:2-Jan pint,sugar:3-Jan cup,vanilla:1 tsp,salt:8-Jan tsp,cottage cheese:2-Jan pint,eggs:4 ,lemon juice:1 tbsp,vanilla:2 tsp,sugar:3-Feb cup,flour:2 tbsp,flour:2 tbsp,salt:41000 tsp","Combine first 5 ingredients to make crust.  Save 1/4 cup for top.  Press remaining crumbs evenly over bottom and about 2 inches up sides of a 9 inch spring form pan.  Prepare filling:  beat cream cheese and cottage cheese until smooth.  Add eggs, one at a time, bating well. Blend in lemon juice and vanilla.  Mix sugar, flour and salt.  Add to cheese mixture.  Pour into crust.  Bake at 350 degrees until set, about 35 to 40 minutes.  Combine topping ingredients (sour cream, sugar, vanilla, and salt).  Spread evenly over hot cheese cake.  Return to oven until cream sets, about 5 minutes.  Cool in pan on rack.  Sprinkle reserved crumbs around edge of cake.",50,true
16,Lemon Poppy Cake,Descripton g�n�rique,"lemon cake mix:1 pkg,eggs:4 ,lemon instant pudding:1 small pkg,water:1 cup,oil:2-Jan cup,poppy seeds:4-Jan cup","Mix all for 4 minutes.  Bake at 350 degrees for 40 minutes.""",60,true
17,Light Old Fashioned Fruit Cake,Descripton g�n�rique,"sifted flour:4 cups,baking powder:2-Jan tsp,salt:1 1/2 tsp,cinnamon:1 1/2 tsp,nutmeg:1 tsp,whole pecans:24 ounces,canned pineapple, chopped:1 3/4 cups,whole canned cherries:1 3/4 cups,golden raisins:3 1/4 cups,sugar:2 1/4 cups,eggs:6 ,brandy flavoring:3 tbsp","Sift dry ingredients into a 4 quart bowl.  Add fruit and nuts.  Mix until well coated.  Set aside.  Cream butter, gradually add sugar and cream until fluffy.  Add eggs one at a time, beating well after each.  Add brandy.  Combine with fruit mixture.  Mix well.  Turn into a 10 inch tube pan or four 1# coffee cans lined with foil, filling pans 2/3 full. Bake in slow oven, 275 degrees for 2 3/4 to 3 hours.  About 1/2 hour before done brush lightly with honey or light corn syrup.  Cool completely then wrap tightly in foil to store for several weeks.  Brush with brandy about once a week.",35,true
18,My Best Gingerbread,Descripton g�n�rique,"sugar:2-Jan cup,butter:2-Jan cup,egg:1 ,molasses:1 cup,sifted flour:2 1/2 cups,soda:1 1/2 tsp,cinnamon:1 tsp,ginger:1 tsp,cloves:2-Jan tsp,hot water:1 cup","Bake in greased pan for 35 minutes at 325-350 degrees.",25,true
19,Oatmeal Cake,Descripton g�n�rique,"oatmeal:1 cup,boiling water:1 1/4 cups,brown sugar:1 cup,white sugar:1 cup,margarine:2-Jan cup,eggs:2 ,flour:1 1/3 cups,salt:2-Jan tsp,soda:1 tsp,cinnamon:1 tsp,chopped nuts:1 cup,evaporated milk:2-Jan cup,butter:6 tbsp,coconut:1 cup,valencia peanuts:1 tsp","Pour the water over the oatmeal.  Let stand for 20 minutes.  Add remaining cake ingredients.  Mix well and pour into a greased 9""x12"" pan.  Let stand while mixing topping.  To prepare topping:  Mix all ingredients together over low heat, until butter melts.  Spoon over unbaked cake.  Bake 45 minutes at 350 degrees.",20,true
20,Orange Angel Food Cake,Descripton g�n�rique,"angel food cake mix:1 15-16 ounce pkg,frozen orange juice concentrate, thawed:4-Mar cup,frozen light whipped topping, thawed:1 container,plain low fat yogurt:2-Jan cup ","Prepare angel food cake as directed on package, but pour 1/3 cup of the thawed orange juice into a 2 cup measure and add enough water for the mixture to equal the amount of water called for in package directions.  Continue to prepare cake as directed, baking the batter in an ungreased 10 inch tube pan.  Immediately invert the cake, leaving in pan.  Cool completely.  Loosen sides of cake from pan, remove cake.  To make the topping, in a medium bowl, gently stir together the thawed topping and yogurt.  Fold in remaining orange juice concentrate.  Spread topping mixture over top ad sides of cake.",30,true
21,Orange-Poppy Seed Pound Cake,Descripton g�n�rique,"unsalted butter, softened:1 cup,sugar:1 cup,vanilla:2 tsp,grated orange peel:2 tsp,unsifted cake flour:2 1/4 cups,fresh orange juice:2-Jan cup,eggs:4 large,baking powder:4-Mar tsp,baking soda:4-Jan tsp,poppy seeds:2 tbsp,powdered sugar:2-Jan cup,fresh orange juice:2 1/2 tsp","Preheat oven to 325 degrees.  Grease and flour a 9x5x3 inch loaf pan, tap out excess flour.  In large bowl beat together softened butter, sugar, vanilla, and orange peel until pale and fluffy.  Beat in flour, then remaining ingredients, except the glaze (powdered sugar and 2 1/2 tsp. orange juice).  Mix until well blended.  Spread in prepared pan.  With handle of a wooden spoon, make 1/2 inch deep score down center length of batter.  Bake 50-60 minutes, until wooden pick inserted in center comes out clean.  Cool in pan on rack 30 minutes, invert onto rack, remove pan.  Cool completely.  To prepare glaze seal powdered sugar and orange juice in small zipper-style bag.  Gently massage mixture with fingers until blended and smooth.  Snip off corner of bag.  Drizzle glaze over cake.  Let stand 1 hour or until glaze is set.",85,true
22,Pineapple Cake,Descripton g�n�rique,"crushed pineapple:1  2 pound can,yellow cake mix:1 pkg,butter:1 cube,sliced almonds:1 pkg","Spread pineapple in baking dish.  Sprinkle cake mix on this.  Dice butter on top. Sprinkle with almonds.  Bake at 350 degrees for 30 minutes.""",75,true
23,Pineapple-Carrot Cake*,Descripton g�n�rique,"oil:1 cup,sugar:2 cups,eggs:4 ,flour:2 cups,soda:1 tsp,salt:2-Jan tsp,cinnamon:1 tsp,vanilla:1 tsp,crushed pineapple, drained:1 cup,chopped walnuts:1 cup,cream cheese:3 ounces,margarine:4-Jan pound,powdered sugar:2 cups,vanilla:1 tsp,water:2 Tbsp","Mix all cake ingredients.  Bake in greased and floured 9""x13"" pan at 350 degrees for 35 minutes.  Frost when cool.",90,true
24,Potatoe Cake,Descripton g�n�rique,"sugar:2 cups,shortening:1 cup,milk:2-Jan cup,mashed potatoes:1 cup,eggs, beaten separately:4 ,flour:2 cups,baking powder:2 tsp,cocoa:2 tsp,chopped walnuts:1 cup","Mix in order given.   Bake at 350 degrees for 25 minutes in two, 9"" pans.",50,true
25,Refrigerator Cheesecake,Descripton g�n�rique,"cornflakes:4 cups,butter:3-Jan cup,sugar:4-Jan cup,gelatin:1 1/2 tbsp,cold water:2-Jan cup,eggs, separated:2 ,salt:2-Jan tsp,milk:2-Jan cup,cottage cheese:1 pound,lemon juice:4-Jan cup,heavy cream:2-Jan cup","Crush flakes, mix with butter and sugar.  Press 3/4 of mixture into spring for pan.  Chill.  Soften gelatin in water.  Beat egg yolks slightly, stir in salt, sugar and milk.  Cook over hot water or very low heat.  Stir constantly until it thickens.  Remove from heat.  Stir in softened gelatin.  Cool.  Beat cheese until creamy.  Combine with lemon rind and juice.  Add to gelatin mixture, mixing well.  Whip cream until stiff.  Beat egg whites until stiff but not dry.  Fold cheese mixture to whipped cream.  Spread in pan over crumb mixture.  Sprinkle remaining crumbs on top.  Chill until firm.",90,true
26,Sherry Wine Cake,Descripton g�n�rique,"yellow cake mix:1 pkg,instant vanilla pudding:1 pkg,eggs:4 ,oil:4-Mar cup,sherry cooking wine:4-Mar cup,nutmeg:1 tsp","Beat for 5 minutes.  Bake for 45 minutes at 350 degrees in angel food pan that has been greased and floured.  Turn to 300 degrees after 20 minutes.""",65,true
27,Spicy Fruit and Nut Cake*,Descripton g�n�rique,"chopped pitted prunes:1 cup,walnuts:1 cup,flour:2 cups,baking soda:1 tsp,cinnamon:1 1/2 tsps,nutmeg:1 1/2 tsps,allspice:1 tsp,salt:4-Jan tsp,flour:2 cups,buttermilk:1 cup,eggs:3 ,sugar:2-Jan cup,buttermilk:2-Jan cup,soda:2-Jan tsp,unsalted butter:4-Jan cup","Bake in greased and floured 9"" bundt pan at 350 degrees for 45-50 minutes.  Cool 15 minutes.  Loosen around edges with thin spatula.  Pierce with a wooden pick.  Glaze directions:  Cook glaze ingredients over medium heat until full boil and butter melts.  Ladle glaze over cake.",40,true
28,Strawberry Spice Loaf,Descripton g�n�rique,"berries:3 cups,flour:3 cups,sugar:2 cups,salt:1 tsp,cinnamon:3 tsps,nutmeg:1 tsp,soda water:1 tsp,oil:1 1/4 cups,eggs:4 ","Bake in two 9"" loaf pans, greased and floured, at 350 degrees for one hour.",60,true
29,Three Layer Chocolate Mayonnaise Cake,Descripton g�n�rique,"flour:4 1/2 cups,sugar:2 1/4 cups,cocoa:2-Jan cups,baking powder:3 1/2 tsps,baking soda:2 1/4 tsps,Best Foods Mayonnaise:2 1/4 cups,water:2 1/4 cups,vanilla:2 1/4 tsps","Grease three 9"" layer pans, one with waxed paper.  Sift dry ingredients into large bowl.  Stir in mayonnaise.  Stir in water and vanilla until smooth.  Pour into pans.  Bake at 350 degrees for 30 minutes.  Cool.  Frost with chocolate frosting.",45,true
30,Two Layer Chocolate Mayonnaise Cake,Descripton g�n�rique,"flour:3 cups,sugar:1 1/2 cups,cocoa:3-Jan cup,baking powder:2 1/4 tsps,baking soda:1 1/2 tsps,Best Foods Mayonnaise:1 1/2 cups,water:1 1/2 cups,vanilla:1 1/2 tsps","Grease two 9"" layer pans, line with waxed paper.  Sift dry ingredients into large bowl.  Stir in mayonnaise.  Stir in water and vanilla until smooth.  Pour into pans.  Bake at 350 degrees for 30 minutes.  Cool.  Frost with chocolate frosting.",35,true
31,Upside Down Cake,Descripton g�n�rique,"butter:3-Jan cup,brown sugar:2-Jan cup,eggs:2 ,sugar:3-Feb cup,fruit juice:6 tbsp,vanilla:1 tsp,sifted flour:1 cup,baking powder:3-Jan tsp,salt:4-Jan tsp","Melt butter in oven-proof skillet.  Add brown sugar.  Arrange fruit in pan.  To make cake batter, beat eggs about 5 minutes until thick and lemon colored.  Gradually add sugar.  Then add all at once fruit juice an vanilla.  Sift together and beat in flour, baking powder, and salt.  Pour batter over fruit an bake until done, about 45 minutes at 350 degrees.",50,true
32,Blue Chip Cookies,Descripton g�n�rique,"cold butter:2-Jan cup,sugar:2-Jan cup,brown sugar:2-Jan cup,vanilla:1 tsp,egg:1 ,flour:1 1/2 cups,baking soda:2-Jan tsp,salt:2-Jan tsp,chocolate chips:1 package","Mix at low speed.  Add chocolate chips and nuts by hand.  Press into balls in cookie scoop.  Bake at 300 degrees for 15 minutes on middle rack.",60,true
33,Bourbon Balls,Descripton g�n�rique,"semisweet chocolate chips:1 cup,light corn syrup:3 tbsp,bourbon (or light cream):2-Jan cup,crushed vanilla wafers:2 1/2 cups,powdered sugar:2-Jan cup,finely chopped walnuts:1 cup","Melt chocolate in double boiler over hot water.  Combine syrup and liquid.  Combine crumbs, sugar, and nuts.  Add chocolate mixture.  Let stand 30 minutes.  Shape in 1"" balls.  Roll in granulated or powdered sugar.  Let ripen i covered container at lest 3 days.",90,true
34,Chocolate Crisp Bran Cookies,Descripton g�n�rique,"flour:2 cups,baking soda:2-Jan tsp,salt:2-Jan tsp,margarine:1 cup,sugar:1 1/2 cups,eggs:2 ,vanilla:1 tsp,All-Bran cereal:1 cup,chocolate chips:1 cup","Sift flour, soda, and salt.  Blend butter and sugar.  Add eggs and vanilla, beat well.  Add All-Bran cereal and chocolate chips.  Add dry ingredients, mix well.  Drop by spoonful onto cookie sheet.  Bake at 375 degrees about 12 minutes.",45,true
35,Chocolate Peanut Brunch Bars,Descripton g�n�rique,"flour:3 cups,brown sugar:1 1/4 cups,margarine:2-Jan cup,crunchy peanut butter:3-Jan cup,salt:4-Jan tsp,egg yolk, beaten:1 ,vanilla:1 tsp,chocolate chips:1 cup,crunchy peanut butter:2-Jan cup","Blend first 5 ingredients until it resembles corn meal.  Add egg and vanilla.  Mix well.  Press firmly into ungreased jelly roll pan.  Bake at 350 degrees for 25 minutes.  Cool slightly.  Melt chocolate over hot water.  Stir in peanut butter and cereal.  Spread on cookie dough.  Let stand until chocolate sets.  Cut into 35 bars.",35,true
36,Christmas Logs,Descripton g�n�rique,"crushed walnuts:8 ounces,pitted dates:1 cup,flake coconut:2 1/2 cups,brown sugar:1 cup,eggs:2 ","Preheat oven to 350 degrees.  Put walnuts and dates through coarse blade of grinder.  Combine with 1 1/2 cup coconut, sugar, and eggs.  Mix well.  Shape by spoonfuls into 3"" logs, 3/4"" wide.  Roll in rest of coconut, coating well.  Bake 10-12 minutes until golden.  Cool.  Makes 30 logs.",50,true
37,Christmas Snowballs,Descripton g�n�rique,"butter:4-Mar cup,vanilla:1 tsp,water:1 tbsp,salt:8-Jan tsp,sugar:3-Jan cup,flour:2 cups,chocolate chips:6 oz.,finely chopped walnutspowdered sugar:1 cup","Combine first 5 ingredients.  Blend well.  Stir in flour, chocolate chips, and nuts.  Form 1"" balls.   Place on ungreased cookie sheet.  Bake 30 minutes at 350 degrees. Roll in powdered sugar while still warm. Makes approx. 5 dozen.",60,true
38,Crisp Oatmeal Fruit Strips,Descripton g�n�rique,"butter or margarine:1 cup,sugar:1 1/2 cups,egg:1 ,flour:2 cups,soda:2 tsps,raisins (or finely diced prunes or dates):2 cups,rolled oats:1 1/4 cups","Beat butter and sugar together until fluffy, beat in egg.  Stir flour with soda, then stir into creamed mixture with raisins and rolled oats.  Mix well.  Divide dough into 15 equal portions.  Place 3 or 4 portions each on ungreased 12"" by 15"" baking sheet.  Pinch dough to shape 8"" ropes and place at least 2 inches apart.  Flatten each rope into a 2"" wide strip.  Bake in a 30 degree oven until golden brown, about 10 minutes.  Let cool on pan about 2 minutes, then cut each strip diagonally into 1 inch wide bars.  Let cookies cool on pan then transfer from pan with a wide spatula.  Store in an airtight container at room temperature up to 2 weeks.  Makes about 12 dozen.",90,true
39,Frosted Delights,Descripton g�n�rique,"sifted flour:1 1/2 cups,salt:2-Jan tsp,baking soda:1 tsp,shortening:2-Jan cups,granulated sugar:1 cup,eggs:2 ,vanilla:2-Jan tsp,brown sugar:1 cup,egg white, stiffly beaten:1 ","Sift flour, salt and baking powder together.  Cream shortening with sugar until fluffy.  Add eggs, vanilla and sifted ingredients and mix well.  Spread batter very thin on baking sheets.  Fold brown sugar into egg whites, add nuts.  Spread over cookie batter.  Bake at 325 degrees for 30 minutes.  Cut into squares.  Makes 30.",45,true
40,Ginger Snap Bars,Descripton g�n�rique,"brown sugar:1 cup,egg:1 ,margarine:2 tbsp,molasses:4-Jan cup,vanilla:1 tsp,flour:1 cup,soda:2-Jan tsp,salt:2-Jan tsp,cinnamon:2-Jan tsp,cloves:4-Jan tsp,milk:2-Jan cup,chopped nuts:1 cup","Mix first four ingredients.  Add dry ingredients with milk.  Mix well.  Add nuts.  Pour into greased 9"" square pan.  Bake at 350 degrees for 35 to 40 minutes.  Cool in pan.  Cut into 24 bars, roll in powdered sugar.",35,true
41," Ginger Snaps",Descripton g�n�rique,"shortening:4-Mar cup,brown sugar:1 cup,egg:1 ,molasses:4-Jan cup,ginger:1 tsp,cinnamon:1 tsp,cloves:2-Jan tsp,soda:2 tsp,flour:2 cups","Roll in little balls.  Dip in sugar and flatten with glass dipped in water.  Bake at 350 degrees about 7 minutes.",50,true
42,Honey Graham Crackers,Descripton g�n�rique,"flour2-Jan:2 cups,3-Jan:cup whole wheat flour,2-Jan:cup brown sugar,2-Jan:cup shortening,4-Jan:tsp cinnamon,4-Jan:cup honey,3:cup oil,1:tbsp cold water,1:tsp salt","Stir all ingredients about 3 minutes to mix well.  Divide in half.  Place each half on 17""x14"" baking sheet.  Flatten and roll to 12"" x 10"" rectangle, dusting with flour to prevent sticking.  Cut into 2"" squares.  Prick with fork.Bake at 425 degrees for 8-10 minutes until lightly browned.  Cut apart while hot.  Cool on baking sheet.  Makes 60.  50 calories each.",60,true
43,Lemon Squares,Descripton g�n�rique,"flour:1 cup,margarine:2-Jan cup,powdered sugar:4-Jan cup,:2 eggs,sugar:1 cup,baking powder:2-Jan tsp,salt:4-Jan tsp,lemon peel:2 Tbsp,Lemon juice:2 Tbsp","Mix first 3 ingredients well.  Press into 8""x8""x2"" pan.  Build up 1/2"" edge.  Bake 20 minutes at 350 degrees.  Beat remaining 6 ingredients until light and fluffy.  Pour over hot crust.  Bake another 25 minutes.  Cool.  Dust with the powdered sugar.  Cut into squares.",35,true
44,Minties,Descripton g�n�rique,"egg:1 ,oil:3-Feb cup,sugar:2-Jan cup,mint apple jelly:4-Mar cup,flour:1 1/2 cups,baking powder:1 1/2 tsp,salt:1 tsp","Beat eggs until thick and foamy.  Gradually add sugar and continue to beat.  Soften mint jelly with a fork and add oil.  Mix well.  Add the flour, baking powder, and salt.  Spread mixture in a 9""x13"" pan that is oiled.  Bake at 350 degrees for 25 minutes.  Frost with mint frosting:  Cream 1/4 cup margarine.  Add 1/2 cup mint jelly.  Blend.  Add 2 cups sifted powdered sugar.  Mix Well.  Cut into 32 bars.",25,true
45,Peanut Butter Cookies,Descripton g�n�rique,"sugar:1 1/4 cups,brown sugar:1 cup,margarine:1 cup,eggs:2 ,peanut butter:1 cup,flour:3 cups,soda:1 tsp,salt:2-Jan tsp,vanilla:1 tsp","Form into balls.  Flatten with fork dipped in flour or sugar. Bake for 8 minutes at 375 degrees.",20,true
46,Pineapple Graham Bars,Descripton g�n�rique,"butter or margarine:4-Jan cup,light brown sugar, firmly packed:2-Jan cup,egg :1 ,sifted flour:2-Jan cup,graham cracker crumbs:2-Jan cup,crushed pineapple, drained.:1 8 1/2 oz. can,walnuts, chopped:2-Jan cup","Preheat oven to 350 degrees.  Lightly grease 8""x8""x2"" pan.  Mix butter with sugar until light.  Beat in egg.  Stir in flour, graham cracker crumbs, pineapple, and walnuts.  Bake 30-35 minutes or until browned and surface is firm to the touch.  Let cool completely in plan. Cut into 20 bars.",45,true
47,Prune Nut Bars,Descripton g�n�rique,"pitted prunes:1 1/2 cups,margarine:2-Jan cup,sugar:4-Jan cup,sifted flour:1 1/3 cups,baking powder:2-Jan tsp,salt:4-Jan tsp,brown sugar:1 cup,eggs:2 ,lemon juice:2 tsp,walnuts, chopped:1 cup,coconutconfectioner's sugar:2-Jan cup","Cook Prunes - drain and chop.  Mix margarine, sugar and 1 cup of four.  Press into 9"" square pan.  Bake at 350 degrees for 25 minutes.   Sift remaining 1/3 cup flour with baking powder and salt.  Beat brown sugar into eggs, lemon and vanilla.  Add flour, mix well.  Add prunes, nuts, and coconut.  Spread over baked bars.  Bake at 350 degrees for 30-35 minutes.  Cool.  Cut into 24 bars.  Roll in confectioner's sugar.  ",90,true
48,Pumpkin Oatmeal Cookies,Descripton g�n�rique,"eggs:4 ,sugar:3 cups,oil:1 cup,oatmeal:3 cups,soda:2 tsp,salt:1 tsp,nuts:1 cup,raisins:1 cup,allspice:2-Jan tsp,pumpkin pie spice:1 tsp,cinnamon:1 tsp,cloves:1 tsp,nutmeg:1 tsp,pumpkin pie spice:1 small can,flour:4 cups ","Mix eggs, sugar, oil, spices, and pumpkin.  Add oats, soda, salt nuts, and raisins.  Mix well.  Add flour, 1/2 at a time.  Drop by teaspoons on ungreased cookie sheet.  (These will not spread.)  Bake 10 minutes at 325 degrees.  Remove from pan.  Store in tightly sealed container.",45,true
49,Snickerdoodles,Descripton g�n�rique,"flour:2 3/4 cups,cream of tartar:2 tsp,baking soda:1 tsp,salt:2-Jan tsp,margarine:4-Mar cups,sugar:1 1/2 cups,eggs:2 ,sugar:2 Tbps,cinnamon:1 tsp","Mix first 7 ingredients.  Roll in balls.  Dip in mixture of cinnamon and sugar.  Bake for 8-10 minutes at 375 degrees.  Makes 4 dozen.",35,true
50,Soft Sugar Cookies,Descripton g�n�rique,"butter or margarine:2-Jan cup,sugar:1 1/2 cups,eggs:2 ,vanilla:1 tsp,sifted flour:3 cups,salt:1 tsp,baking powder:2-Jan tsp,baking soda:2-Jan tsp,sour creamcinnamon and sugar:1 cups","Cream butter.  Add sugar gradually while continuing to cream.  Ad eggs one at a time, beating well after each.  Add vanilla.  Beat until light and fluffy.  Add mixed dry ingredients, alternately with sour cream, begin and end with dry ingredients.  For 3 inch cookies drop by heaping teaspoons.  With spatula flatten into circles about 2 inch wide.  Sprinkle with sugar and cinnamon.  Bake in hot oven - 400 degrees for 10-20 minutes.  Makes about thirty - 3 inch cookies.",50,true
51,Thumbprint Cookies,Descripton g�n�rique,"Crisco (shortening):2-Jan cup,egg:1 ,sugar:2 cups,salt:2-Jan tsp,vanilla:1 tsp,flour:1 2/3 cups","Mix first 5 ingredients.  Add flour.  Roll into ball.   Make a thumbprint in each ball.  Cook 8-10 minutes at 350 degrees.  Fill with jelly or chopped nuts. ",60,true
52,Walnut Squares,Descripton g�n�rique,"margarine:1 cup,sugar:1 cup,egg:1 ,flour:2 cups,nutmeg:3-Jan tsp,nuts, chopped:1 cups","Cream butter and sugar.  Beat in egg yolk.  Sift four and spice, add to creamed mixture.  Spread dough in 15""x10""x1"" jelly roll pan.  Press flat with hands.  Beat egg white slightly, brush on dough.  Sprinkle nuts on top and press into dough.  Bake in 250 degree oven for 1 hour.  While hot cut into 1 1/2"" squares.  Cool.  Makes about 70.",35,true
53,Banana Cream Pie,Descripton g�n�rique,"baked pastry shell:1 ,cornstarch:3 Tbsp,water:1 2/3 cups,sweetened condensed milk:1 14 oz can,egg yolks, beaten:3 , margarine or butter:2 Tbsp,vanilla:1 tsp,bananaslemon juice from concentratewhipped cream:3 medium","In a heavy saucepan dissolve cornstarch inwater, stir in sweetened condensed milk and egg yolks.  Cook and stir until thickened and bubbly.  Remove from heat, add margarine and vanilla.  Cool slightly.  Slice 2 bananas, dip in lemon juice and drain.  Arrange on bottom of prepare crust.  Pour filling over bananas, cover.  Chill 4 hours or until set.  Spread top with whipped cream.  Slice remaining bananas, dip in lemon juice, drain and garnish top of pie.  Refrigerate leftovers.",25,true
54,Creamy Apple Pie,Descripton g�n�rique,"pie shell, unbaked:1 9 inch,tart apples, peeled and sliced:4 or 5 ,sugar:1 cup,flour:4-Jan cup,salt:2-Jan tsp,heavy creamcinnamon:1 cup","Place apples in the pie shell.  Mix together sugar, flour, and salt.  Sprinkle over apples.  in a sauce pan bring cream to boiling point.  Pour over apples.  Sprinkle generously with cinnamon.  Bake at 375 degrees for 45 minutes, until firm.",20,true
55,Dutch Apple Pie,Descripton g�n�rique,"large apples, sliced:4 ,sugar:1 cup ,cinnamon:1 tsp,flour:4-Mar cup ,butter:3-Jan cup ,cinnamon:2-Jan tsp","Combine apples, 1/2 cup sugar, and cinnamon.  Put into the unbaked pie shell.  Top with 1/2 cup sugar, flour, butter, and cinnamon.  Bake 45-50 minutes at 350 degrees.",60,true
56,Fresh Strawberry Pie,Descripton g�n�rique,"cornstarch:2 Tbsp,sugar:1 cup ,water:1 1/4 cups,red food coloring:a few drops,butter:1 Tbsp,lemon juice:1 tsp,strawberries:1 basket,pie shell, baked:1 ","Slice 1 basket of strawberries.  Put half the berries in the bottom of a baked pie shell. Prepare glaze by combining remaining ingredients and cooking in a double-boiler until thickened.   Stir the other half of the berries into the glaze.  Pour into the shell.  Cool.  Top with whipped cream and halved berries.""",35,true
57,Lemon Cloud Pie,Descripton g�n�rique,"sugar:1 cup,cornstarch:2-Jan cup,water:1 cup,lemon rind, grated:1 tsp,lemon juice:3-Jan cup,eggs:2 ,cream cheesegraham cracker crust:4 ounces","Combine in sauce pan 3/4 cup sugar, cornstarch, water, lemon rind, and juice, and slightly beaten egg yolk.  Cook over medium heat stirring constantly until thick.  Remove from heat.  Add softened cheese, blend well.  Cool.  Beat egg whites until stiff.  Add 1/4 sugar.  Fold into lemon mixture.  Spoon into crust.  Chill 2 hours.  Serve with whipped cream.  ",25,true
58,Lemon Luscious Pie,Descripton g�n�rique,"sugar:1 cup,cornstarch:3 Tbsp,butter:4-Jan cup,lemon rind, grated:1 Tbsp,lemon juice:4-Jan cup,egg yolks, slightly beaten:3 ,milk:1 cup,sour cream:1 cup,pie shell:1 8""","Combine sugar, cornstarch, butter, lemon rind, and egg yolk in saucepan.  Stir in milk.  Cook over medium heat, stirring until mixture thickens.  Cool.  Fold in sour cream.  Spoon into pie shell.  Col 12 hours or longer.  Top with whipped cream.  Garnish with chopped walnuts if desired.  ",20,true
59,Lemon Meringue Pie,Descripton g�n�rique,"sugar:1 cup,cornstarch:4 Tbsp,salt:2-Jan tsp,hot water:2 cups,lemon juice, fresh or bottled:3-Jan cup,grated lemon juice:1 tsp,egg yolks:3 ,butter:1 Tbsp,egg whites:3 ","Mix sugar, cornstarch, and salt in top of double boiler.  Place over boiling water and add remaining ingredients.  Cook until thick, stirring with whip.  Put into baked pie shell.  Top with meringue.  To make meringue whip 3 egg whites until stiff.  Add 1/4 cup sugar.  Brown 5 to 10 minutes in 400 degree oven.  Chill.  ",30,true
60,prego no prato,plat typique portuguais composé d'un steak grillé surmonté d'un oeuf au plat avec des frites et du riz,"viande de boeuf:200g,oeuf:1,riz:200g,pomme de terre:3","mettre de l'eau à bouillir,mettre le riz dans l'eau bouillante pendant 20min,peler et couper les patates,faire frire les frites,assaisonner la viande,griller la viande,casser un oeuf et le faire griller,saler les frites,servir chaud sur une assiette avec l'oeaf sur la viande entouré du riz et des frites",30,false
61,Parmentier aux deux viandes et potimarron,Recette de parmentier parfait Ã  servir Ã  vos invitÃ©,"chÃ¨vre frais:250g,saumon fumÃ©:4tranches,pomelo:1,citron jaune:1,baies rose:20g,branches d'aneth:5","Coupez le potimarron en quartiers. Pelez-les puis coupez-les en morceaux plus petits. Pelez les pommes de terre et coupez-les en cubes. Faites-les cuire ensemble Ã  lâ€™eau salÃ©e 20 min Ã  partir de la reprise de lâ€™Ã©bullition. Portez le lait Ã  Ã©bullition.,Ã‰gouttez les lÃ©gumes et Ã©crasez-les au presse-purÃ©e. Incorporez le lait chaud et le beurre. Assaisonnez de sel poivre et dâ€™une pointe de muscade.,Ã‰mincez les Ã©chalotes et lâ€™ail. Chauffez lâ€™huile dâ€™olive dans une sauteuse et faites-les fondre. Ajoutez les viandes et faites rissoler 3 min. Ajoutez persil hachÃ© concentrÃ© de tomate laurier thym, romarin et paprika. Laissez mijoter 8 min, en mÃ©langeant.,PrÃ©chauffez le four Ã  180 Â°C. Beurrez un plat Ã  gratin. Versez la moitiÃ© de la purÃ©e puis une couche de viande. Couvrez du reste de purÃ©e. Saupoudrez de chapelure et enfournez pour 20 min. Terminez la cuisson sous le gril 2 min.",30, false
62,Strudel aux pommes et aux amandes, TrÃ¨s bon dessert pour les amateurs de pomme,"pÃ¢te feuilletÃ©e:1,pomme:4,raisin sec:50g,amande effilÃ©e:75g,sucre:50g,Cannelle:0.5 cc,jaune d'oeuf:1,beurre:25g,sucre glace:10g","Pelez les pommes Ã©pÃ©pinez-les et Ã©mincez-les en fines lamelles.,Mettez-les dans un saladier poudrez-le de sucre et de cannelle et mÃ©langez. Ajoutez les raisins secs et la moitiÃ© des amandes.,PrÃ©chauffez le four Ã  210 Â°C (th. 7). Etalez la pÃ¢te feuilletÃ©e en rectangle sur une plaque beurrÃ©e versez-y la prÃ©paration aux pommes en lui donnant une forme allongÃ©e rabattez les extrÃ©mitÃ©s de la pÃ¢te en chausson.,Dorez le tout au jaune dâ€™Å“uf battu Ã  lâ€™aide dâ€™un pinceau. Parsemez du reste dâ€™amandes. Enfournez pour 25 min. Servez chaud saupoudrez de sucre glace. Accompagnez le strudel dâ€™une glace Ã  la vanille.",30,true
63,Lapin a la provenÃ§ale, Pour les amateurs de lapin,"lapin:1,tomate:6,champignon de paris:200g,vin blanc:15cl,gousse d'ail:4,ognion:1,romarin:1,thym:3,huile d'olive:4cs,anchois:2","Plongez les tomates 10 secondes dans de lâ€™eau bouillante. Pelez Ã©pÃ©pinez et concassez-les.,Chauffez 2 cuil. dâ€™huile dans une cocotte et faites dorer le lapin coupÃ© en morceaux. RÃ©servez-les. Ajoutez les restes dâ€™huile lâ€™oignon lâ€™ail hachÃ© et les champignons Ã©mincÃ©s et faites revenir 5 min.,Remettez le lapin dans la cocotte et ajoutez la concassÃ©e de tomates le vin le romarin et le thym. Salez, poivrez. Laissez mijoter 15 min. Couvrez et poursuivez la cuisson 45 min sur feu doux. Ã‰crasez les anchois et mÃ©langez-les Ã  la sauce. Servez chaud dÃ©corÃ© de thym et de romarin.",70,false
64,filet de boeuf au poivre et salade d'Ã©pinards,Un plat de viande gourmand qui plaira au plus grand nombre,"filet de boeuf:720g,poivre noir:3cs,beurre:1cs,cognac:2cs,vin blanc:10cl,crÃ¨me liquide:20cl,jus de rÃ´ti:2cs,Ã©pinard:2poignÃ©es,huile de tournesol:2cs,huile d'olive:2cs,vinaigre balsamique blanc:1cs","Assaisonnez les filets de bÅ“uf avec le poivre mignonnette. Faites chauffer un trait d'huile dans une poÃªle avec un peu de beurre. DÃ©posez les filets de bÅ“uf et faites-les caramÃ©liser en arrosant de beurre rÃ©guliÃ¨rement. Quand ils sont presque cuits rÃ©servez-les sur une assiette. Gardez la poÃªle au chaud sur feu doux.,Dans la poÃªle chaude et sur feu doux, dÃ©glacez au cognac et laissez rÃ©duire. Versez le vin blanc puis ajoutez la crÃ¨me et le jus de rÃ´ti. Salez et ajoutez la viande prÃ©alablement rÃ©chauffÃ©e au four ou Ã  la poÃªle dans la crÃ¨me. Arrosez bien et servez avec une salade dâ€™Ã©pinards assaisonnÃ©e Ã  lâ€˜huile dâ€™olive et au vinaigre balsamique blanc.â£â£",35,false
65,EntrecoÌ‚te saignante aux betteraves aciduleÌes baies de cassis et tuile au poivre, EntrecÃ´te qui va ravire vos invitÃ©s,"entrecÃ´te de oeuf:4,baie de cassis:40g,mini bettrave:12,farine pour tempura:20g,ail:50g,thym:2,huile d'olive:2cl,beurre demi-sel:30g,sucre:30g,vinaignre rouge:8cl","Faites colorer aÌ€ la poeÌ‚le lâ€™entrecoÌ‚te avec lâ€™huile dâ€™olive le beurre demi-sel, lâ€™ail et le thym. Arrosez pendant la cuisson. Une fois la viande cuite, laissez-la reposer sur une grille et reÌcupeÌrez le jus de cuisson., Faites cuire les mini-betteraves dans lâ€™eau bouillante pour quâ€™elles soient fondantes. AÌ€ la fin de leur cuisson glacez-les aÌ€ la poeÌ‚le avec le jus de betterave reÌduit le vinaigre rouge et le sucre. Ajoutez les baies de cassis et poivrez., MeÌlangez la farine aÌ€ tempura avec de lâ€™eau glaceÌe puis au pinceau, eÌtalez sur une fuille sulfuriseÌe et trempez-la dans une friture. Ajoutez du poivre aÌ€ la sortie de la friteuse et laissez eÌgoutter sur une grille.,Faites le dressage en taillant la viande en beaux morceaux puis dressez les betteraves avec les baies de cassis en demi-cercle autour. Ajoutez sur la viande fleur de sel poivre et ciboulette ciseleÌe et le jus de viande ainsi que la tuile au poivre.",30,true
66,pot-au-feu,Ce plat traditionnel est une recette historique et emblÃ©matique de la cuisine franÃ§aise.,"mijotÃ© cubÃ©:1kg,os Ã  moelle:4,carrotte:5,poireaux:2,navet:4,cÃ©leri:2,oignon:1,clou de girofle:4,pomme de terre:1,bouquet garni:1"," lavez Ã©pluchez tous les lÃ©gumes et coupez les en morceaux assez gros. Piquez l'oignon entier avec les clous de girofle.,versez 3 litres d'eau dans un faitout ajoutez y la viande salez poivrez et portez Ã  Ã©bullition. Une fois que la prÃ©paration boue ajoutez l'oignon et Ã©cumez le bouillon. Enfin ajoutez tous les lÃ©gumes, puis le bouquet garni. Baissez le feu et laissez mijoter., laissez cuire le tout pendant environ 2h30 Ã  3 heures dÃ©barrassez le bouillon de son Ã©cume de temps en temps.,1 heure avant la fin de cuisson, couvrez les extrÃ©mitÃ©s des os Ã  moelle avec du gros sel : une petite astuce pour Ã©viter que la moelle ne s'Ã©chappe. Ajoutez les os Ã  la prÃ©paration et prolongez la cuisson.,30 minutes avant la fin de cuisson Ã©pluchez les pommes de terre Ã  l'aide et ajoutez les au pot au feu.,piquez les pommes de terre pour s'assurer qu'elles soient bien fondantes et servez bien chaud dans une assiette creuse avec de la moutarde.",180,false
67,Filet de bÅ“uf Wellington,Câ€™est une recette festive un peu oubliÃ©e mais qui retrouve son Ã©clat avec le retour des grands classiques de la cuisine traditionnelle,4,"filet de boeuf:4,champignon:400g,Ã©chalote:2,gousse d'ail:1,foie gras:100g,pate feuilletÃ©e:800g","PoÃªlez rapidement les tranches de viande dessus et dessous. Elles ne doivent pas cuire juste colorer. Laissez refroidir et rÃ©servez.,Hachez les champignons les Ã©chalotes et la gousse dâ€™ail et faire revenir le tout dans un peu de beurre. Laissez sâ€™Ã©vaporer lâ€™eau provenant des champignons et ajoutez en toute fin de cuisson le foie gras en dÃ©s.,DÃ¨s que le foie commence Ã  fondre rÃ©duisez le feu et fouettez lâ€™ensemble pour Ã©mulsionner. Le foie ne doit pas rendre de gras ! Laissez refroidir et rÃ©servez.,Etalez la pÃ¢te feuilletÃ©e et formez 4 rectangles de 2 mm dâ€™Ã©paisseur environ. Sur chacun, placez un peu de garniture aux champignons une tranche de bÅ“uf et terminez par de la garniture. Refermez la pÃ¢te en format un chausson la soudure en dessous. Dorez au jaune dâ€™Å“uf et enfournez pour 15 minutes Ã  220Â°.",20,false
68,Daube de joues de bÅ“uf,Ce plat peu connue mais dÃ©licieux surprendra vos invitÃ©s,"joue de boeuf:4,carrotte:100g,ognion rouge:4,gousse d'ail:4,tomate confite:12,vin rouge:12cl,fond de veau:75cl,thym:1,laurier:1,pomme de terre:1kg,filet d'anchois:24,persil:10,huile d'olive:3cs,beurre:20g","Pelez et Ã©mincez les oignons et lâ€™ail. Pelez et taillez les carottes en biseau. Mettez-les dans un plat creux avec les joues de bÅ“uf le thym et le laurier. Ajoutez le vin et laissez mariner 6 h.,Egouttez les joues de bÅ“uf et les lÃ©gumes. Passez le vin de la marinade au chinois, rÃ©servez-le ainsi que les aromates.,PrÃ©chauffez le four Ã  160 Â°C (th.5-6). Salez et poivrez les joues chauffez lâ€™huile dâ€™olive dans une cocotte allant au four et faites-les raidir. Ajoutez les aromates et versez le vin filtrÃ©. Portez Ã  Ã©bullition puis ajoutez le fond de veau. Couvrez la cocotte et enfournez-la pour 3 h.,PrÃ©parez entre-temps les pommes de terre : pelez-les et lavez-les. Faites-les cuire Ã  lâ€™eau ou Ã  la vapeur 20 min. PoÃªlez-les Ã  la sauteuse dans le beurre avec les anchois Ã©gouttÃ©s les pÃ©tales de tomates Ã©mincÃ©s et le persil hachÃ©.",540,false
69,Paupiettes de bÅ“uf Ã  l'italienne, Un plat traditionnel revisitÃ©,"tranche de rumsteck:8,lard Ã©pais:2,concassÃ©e de tomate:400g,pecorino:100g,concentrÃ© de tomate:1cs,ognion:2,gousse d'ail:2,persil:1,bouquet garni:1,vin rouge:20cl,huile d'olive:4cs,petit piment frais:1","Aplatissez les tranches de rumsteck Ã  lâ€™aide dâ€™un attendrisseur Ã  viande afin de les rendre plus minces et plus grandes. A dÃ©faut disposez les tranches entre deux feuilles de film Ã©tirable et affinez-les avec un rouleau Ã  pÃ¢tisserie., DÃ©taillez les tranches de lard en fins lardons. Retirez la croÃ»te du fromage (ou pas, Ã  votre goÃ»t) et coupez-le en tranches de 5 mm dâ€™Ã©paisseur puis en bÃ¢tonnets. Effeuillez les 3/4 du bouquet de persil puis hachez-le avec lâ€™ail.,Fendez le piment dans la longueur Ã©liminez les graines puis hachez-le ou Ã©mincez-le. Disposez les tranches de viande bien Ã  plat sur le plan de travail et garnissez chacune de persillade de piment, de lardons et de pecorino.,Repliez les extrÃ©mitÃ©s des tranches de bÅ“uf sur la garniture roulez-les serrÃ© en enfermant bien la farce puis ficelez-les.,Pelez les oignons et hachez-les finement au couteau. Faites chauffer 2 cuil. Ã  soupe dâ€™huile dâ€™olive dans une sauteuse et faites fondre les oignons sur feu doux jusquâ€™Ã  ce quâ€™ils deviennent translucides.,Poussez les oignons vers le bord de la poÃªle. Ajoutez le reste dâ€™huile et faites-la chauffer quelques instants puis faites dorer les paupiettes. MÃ©langez pour rÃ©partir les oignons puis faites dorer les paupiettes. MÃ©langez pour rÃ©partir les oignons versez le vin rouge puis laissez bouillir 1 min environ.,Versez la concassÃ©e de tomates dans la poÃªle puis ajoutez le bouquet garni le concentrÃ© de tomates du sel et du poivre. Couvrez et laissez mijoter de 1 h 30 Ã  2 h, sur feu trÃ¨s doux. Parsemez de persil ciselÃ© et servez sans attendre.",120,false
70,BÅ“uf Wellington Ã  la tapenade noire, Exellente recette de boeuf Wellington avec de la tapenade,"tapenade noire:110g,champignon de paris:500g,filet de boeuf:1kg,jambon cru:6 tranches,moutarde:1cs,pate feuilletÃ©e:1,jaune d'oeuf:1","PrÃ©chauffez le four Ã  200 Â°C (th.6-7). Coupez les champignons grossiÃ¨rement et mixez-les jusquâ€™Ã  obtenir une pÃ¢te homogÃ¨ne. Faite cuire dans une grande poÃªle chaude une dizaine de minutes en remuant trÃ¨s rÃ©guliÃ¨rement pour en retirer lâ€™humiditÃ©. Hors du feu ajoutez la tapenade et rÃ©servez au frais.,Faites colorer le filet de bÅ“uf de chaque cÃ´tÃ© dans un peu dâ€™huile. Salez et poivrez. Hors du feu, enduisez-le de moutarde et rÃ©servez., Disposez le jambon cru et la duxelles de champignons sur un papier film. Roulez autour du filet de bÅ“uf. Laissez reposer quelques minutes au congÃ©lateur.,Ã‰talez la pÃ¢te feuilletÃ©e, puis enroulez-la autour du bÅ“uf dÃ©barrassÃ© du film plaqtique. Dorez avec le jaune dâ€™Å“uf. Enfournez 20 min puis baissez le four Ã  180 Â°C (th.6) et faites cuire 15 min de plus.,Sortez le bÅ“uf Wellington du four laissez reposer 10 min avant de le dÃ©couper et de servir.",45,false
71,Sardines farcies au pesto rouge, Excellent plat qui va ravir petit et grand,"filet de sardine:12,pÃ©tale de tomate sÃ©chÃ©:8,bouqet de persil:1,gousse d'ail:3,pignon:30g,chapelure:60g,huile d'olive:3cs","Hachez au robot les tomates sÃ©chÃ©es lâ€™ail les pignons et le persil effeuillÃ©. ProcÃ©dez par impulsions pour obtenir un mÃ©lange grossier. Ajoutez la chapelure et 1 Ã  2 cuil. Ã  soupe dâ€™huile dâ€™olive. Salez et poivrez.,PrÃ©chauffez le four Ã  200 Â°C.,Rincez et sÃ©chez les filets de sardines. Posez-les bien Ã  plat sur le plan de travail dÃ©posez une cuillerÃ©e de farce Ã  lâ€™extrÃ©mitÃ© la plus large et roulez-les. Maintenez avec une pique en bois.,Farcissez le reste des sardines Ã  lâ€™identique puis disposez-les dans un plat Ã  four. Arrosez avec le reste dâ€™huile dâ€™olive et enfournez pour 20 min.",40,true
72,saumon Ã  l'unilatÃ©rale sauce Ã  l'aneth et Ã©chalotes,Une bonne recette pour le cuisiner et se rÃ©galer. Ã€ vous de jouer !,"pavÃ© de saumon:4,bouquet d'aneth:1,Ã©chalote:2,vin blanc:40cl,crÃ¨me fleurette:20cl,beurre:25cl","pelez et hachez finement les Ã©chalotes.,faites-les fondre dans une casserole avec le beurre.,quand elles sont bien ramollies versez le vin blanc et portez Ã  Ã©bullition.,laissez rÃ©duire de moitiÃ© ajoutez la crÃ¨me et mÃ©langez.,laissez rÃ©duire encore un peu ajoutez l'aneth ciselÃ© et poivrez. RÃ©servez au chaud.,salez et poivrez les pavÃ©s de saumon.,posez-les dans une poÃªle cotÃ© peau dessous sur feu modÃ©rÃ©.,laissez cuire selon la taille des pavÃ©s et selon votre goÃ»t : 15 minutes pour une cuisson complÃ¨te ou 8 Ã  10 minutes pour une cuisson plus lÃ©gÃ¨re Ã  la scandinave oÃ¹ le poisson est presque cru au-dessus.,servez bien chaud avec la crÃ¨me Ã  l'aneth et Ã  l'Ã©chalote.",20,true
73,Fish and chips Ã  la biÃ¨re & frites de patates douces, rÃ©galez-ous avec cette recette de fish and chips,"filet Ã©glefin:650gr,farine:300g,biÃ¨re:30cl,patate douce:3,huile d'olive:3cs,bain huile de friture:1,paprika:1cc","PrÃ©chauffez le four Ã  200 Â°C. (th. 6/7). Ã‰pluchez les patates douces taillez-les en grosses frites et mettez-les dans un saladier. Arrosez dâ€™huile dâ€™olive et saupoudrez de paprika. Salez et poivrez. MÃ©langez bien. Ã‰talez les frites sur une plaque tapissÃ©e de papier sulfurisÃ©. Faites cuire 30 min au four.,Dans un autre saladier mÃ©langez progressivement 250 g de farine avec la biÃ¨re la levure du sel et du poivre.,Faites chauffer Ã  175 Â°C le bain dâ€™huile dans une friteuse. Coupez le poisson en morceaux et farinez chacun dâ€™entre eux. Plongez-les par petites quantitÃ©s dans la pÃ¢te puis dans lâ€™huile chaude (env. 8 min).,Servez avec les patates douces et accompagnez de sauce tartare ou de mayonnaise et Tabasco.",40,true